Id,Item Name,Date,price
20141205,Banana pachabale,5/12/2014,25
20141205,Apple Golden delicious,5/12/2014,0
20141205,Apple Green smith,5/12/2014,240
20141205,Peaches,5/12/2014,234
20141205,Apple hazarath palli,5/12/2014,100
20141205,Pumpkin Japan,5/12/2014,14
20141205,Pumpkin Red,5/12/2014,11
20141205,Pumpkin Ash,5/12/2014,11
20141205,Rampal,5/12/2014,0
20141205,Rose apple,5/12/2014,160
20141205,Pomello/Chakotha,5/12/2014,32
20141205,Cucumber Israle,5/12/2014,38
20141205,Banana cooking R.Banana,5/12/2014,40
20141205,Cucumber Nati,5/12/2014,32
20141205,Cucumber,5/12/2014,22
20141205,Chow-Chow,5/12/2014,28
20141205,Avarebele (F. Beans spok),5/12/2014,NULL
20141205,Avarekai (Field Beans ),5/12/2014,44
20141205,Mango Neelam,5/12/2014,0
20141205,Mango kalapadu,5/12/2014,0
20141205,Mango mallika,5/12/2014,0
20141205,Mango thotapuri,5/12/2014,44
20141205,Chillies Bajji yagani,5/12/2014,0
20141205,Chilakarive green,5/12/2014,19
20141205,Potato pack,5/12/2014,0
20141205,Cabbage Red,5/12/2014,80
20141205,Cabbage chaina,5/12/2014,94
20141205,Cabbage,5/12/2014,23
20141205,Carrot ooty,5/12/2014,48
20141205,Chillies small (C.B.P),5/12/2014,46
20141205,Chillies Cleaned,5/12/2014,40
20141205,Kashini (Ganike) Greens,5/12/2014,8
20141205,Cucumber white,5/12/2014,20
20141205,G. nut oil safal deep1 lt,5/12/2014,NULL
20141205,Cluster Beans Bunches,5/12/2014,25
20141205,Papaya nati,5/12/2014,17
20141205,G. nut oil Rice 1 lt,5/12/2014,NULL
20141205,G.nut oil Rice Bron 1 lt,5/12/2014,NULL
20141205,Apple Washington,5/12/2014,212
20141205,Apple Economy,5/12/2014,88
20141205,Kiwi fruit,5/12/2014,415
20141205,Onion samber,5/12/2014,56
20141205,Onion small(Economy),5/12/2014,24
20141205,Onion Big,5/12/2014,35
20141205,Papaya sola,5/12/2014,32
20141205,Papaya Red lady,5/12/2014,22
20141205,Papaya Taiwan,5/12/2014,22
20141205,Mango,5/12/2014,0
20141205,Sweet corn cleaned,5/12/2014,117
20141205,Brinjal Mlore,5/12/2014,0
20141205,Brinjal Bottle,5/12/2014,40
20141205,Brinjal (R),5/12/2014,34
20141205,Thogari kai,5/12/2014,34
20141205,Tomoto,5/12/2014,34
20141205,Sweet corn seeds spok,5/12/2014,0
20141205,Mango Raspuri,5/12/2014,0
20141205,Mango Alphans,5/12/2014,0
20141205,Mango Badami,5/12/2014,0
20141205,Gulkan 1/4 kg,5/12/2014,NULL
20141205,Gulkan 1/2 kg,5/12/2014,NULL
20141205,Gulkan 1 kg,5/12/2014,NULL
20141205,G.nut oil Premium1 lt,5/12/2014,NULL
20141205,Ground nut oil 1 lt,5/12/2014,NULL
20141205,G.oil Net rich 500 ml,5/12/2014,NULL
20141205,Rumenia Mango,5/12/2014,NULL
20141205,Apple Chaina Delicious,5/12/2014,NULL
20141205,,5/12/2014,NULL
20141205,Custerd Apple,5/12/2014,34
20141205,Orange South Africa,5/12/2014,138
20141205,Orange malt,5/12/2014,47
20141205,Orange Australia,5/12/2014,138
20141205,Guava Allahabad(Red),5/12/2014,48
20141205,Guava,5/12/2014,52
20141205,Sponge Gourd,5/12/2014,35
20141205,Chicco(Sapota),5/12/2014,28
20141205,Sham gadde,5/12/2014,54
20141205,Snake Gourd(S),5/12/2014,36
20141205,Snake Gourd,5/12/2014,0
20141205,Butter fruit,5/12/2014,80
20141205,Bore fruit,5/12/2014,27
20141205,S.mellon Local (Luck),5/12/2014,42
20141205,Byladha Hannu,5/12/2014,30
20141205,Maize,5/12/2014,30
20141205,Y.Bananan T.N.,5/12/2014,220
20141205,Greens Sabbakki,5/12/2014,58
20141205,Parvala,5/12/2014,65
20141205,Palak Greens,5/12/2014,44
20141205,Menthya Greens,5/12/2014,51
20141205,Orange Ooty,5/12/2014,0
20141205,Orange Nagpura,5/12/2014,43
20141205,Mango sakkaregutti,5/12/2014,0
20141205,Orange,5/12/2014,0
20141205,Badami,5/12/2014,0
20141205,Dry apricot,5/12/2014,128
20141205,Dates seedless,5/12/2014,0
20141205,Dry dates,5/12/2014,110
20141205,Lime Bijapur,5/12/2014,0
20141205,Lime Local,5/12/2014,64
20141205,Little gourd,5/12/2014,29
20141205,Beans Ring,5/12/2014,0
20141205,Grapes Red globe,5/12/2014,388
20141205,Amla,5/12/2014,40
20141205,Beans Nati,5/12/2014,0
20141205,Beans,5/12/2014,47
20141205,Grapes Dry 250gm,5/12/2014,NULL
20141205,Grapes Dry 100gm,5/12/2014,NULL
20141205,Rice Bran 5 lt,5/12/2014,NULL
20141205,Tamarind Paste 150 gm,5/12/2014,NULL
20141205,Coconut oil 500 ml,5/12/2014,NULL
20141205,Stevia powder,5/12/2014,NULL
20141205,Pepper,5/12/2014,NULL
20141205,Grapes T.S.,5/12/2014,0
20141205,Sungold oil 5 lt packet,5/12/2014,NULL
20141205,Grapes Crimson,5/12/2014,0
20141205,Grapes Krishna sharad,5/12/2014,0
20141205,Straw Berry,5/12/2014,55
20141205,Litchi Taiwan/chaina,5/12/2014,228
20141205,Litchi Local,5/12/2014,264
20141205,Pineapple juice,5/12/2014,NULL
20141205,Apple juice,5/12/2014,NULL
20141205,Litchi Juice,5/12/2014,NULL
20141205,Parsley,5/12/2014,94
20141205,Garlic cleaned,5/12/2014,134
20141205,Apple Fuji chaina,5/12/2014,210
20141205,Apple Newzeland,5/12/2014,176
20141205,Peas Ooty,5/12/2014,70
20141205,Apple Australia,5/12/2014,176
20141205,Beet Root,5/12/2014,35
20141205,Peas Dharwad,5/12/2014,0
20141205,Peas Delhi,5/12/2014,72
20141205,Peas local,5/12/2014,120
20141205,Plum Australia,5/12/2014,340
20141205,Plum Ooty,5/12/2014,132
20141205,Pineapple,5/12/2014,36
20141205,Bottle Gourd,5/12/2014,31
20141205,Bitter Gourd,5/12/2014,36
20141205,Yam/S.Root,5/12/2014,28
20110101,Cluster Bean Local,1/1/2011,NULL
20110101,Capsicum,1/1/2011,NULL
20110101,Mango Sendura,1/1/2011,NULL
20110101,Mango Bygan palli,1/1/2011,NULL
20110101,Mango malagova,1/1/2011,NULL
20110101,Mango mallika,1/1/2011,NULL
20110101,Mango thotapuri,1/1/2011,NULL
20110101,Mango kalapadu,1/1/2011,NULL
20110101,Mango Neelam,1/1/2011,NULL
20110101,Mango Dasheri,1/1/2011,NULL
20110101,Mango Langada,1/1/2011,NULL
20110101,Mango Kesar,1/1/2011,NULL
20110101,Mango Amarpalli,1/1/2011,NULL
20110101,Mango rathnagiri(red),1/1/2011,NULL
20110101,Mango Alphans box,1/1/2011,NULL
20110101,Mango sakkaregutti,1/1/2011,NULL
20110101,Orange,1/1/2011,NULL
20110101,Orange Nagpura,1/1/2011,NULL
20110101,Orange Ooty,1/1/2011,NULL
20110101,Orange Australia,1/1/2011,NULL
20110101,Tomoto,1/1/2011,NULL
20110101,Thogari kai,1/1/2011,NULL
20110101,Mango Raw Amblet,1/1/2011,NULL
20110101,Mango Raw,1/1/2011,NULL
20110101,Capsicum 1,1/1/2011,NULL
20110101,Capsicum Red/Yellow,1/1/2011,NULL
20110101,Chillies Green,1/1/2011,NULL
20110101,Chillies Bajji,1/1/2011,NULL
20110101,Chillies Cleaned,1/1/2011,NULL
20110101,Chillies small (C.B.P),1/1/2011,NULL
20110101,Carrot ooty,1/1/2011,NULL
20110101,Carrot Delhi,1/1/2011,NULL
20110101,Carrot Nati,1/1/2011,NULL
20110101,Cowpea Local,1/1/2011,NULL
20110101,Cowpea Long,1/1/2011,NULL
20110101,Coconut (B),1/1/2011,NULL
20110101,Coconut (M),1/1/2011,NULL
20110101,Coconut (S),1/1/2011,NULL
20110101,Coconut (OS),1/1/2011,NULL
20110101,Cabbage,1/1/2011,NULL
20110101,Cabbage Red,1/1/2011,NULL
20110101,Cabbage chaina,1/1/2011,NULL
20110101,Cauliflower(B),1/1/2011,NULL
20110101,Copra,1/1/2011,NULL
20110101,Honney 1/2,1/1/2011,NULL
20110101,Honney 1 Kg,1/1/2011,NULL
20110101,Honney 200 gm,1/1/2011,NULL
20110101,Honney 100 gm,1/1/2011,NULL
20110101,Gulkan 1 kg,1/1/2011,NULL
20110101,Gulkan 1/2 kg,1/1/2011,NULL
20110101,Gulkan 1/4 kg,1/1/2011,NULL
20110101,Cluster Beans Bunches,1/1/2011,NULL
20110101,Cucumber white,1/1/2011,NULL
20110101,Kashini (Ganike) Greens,1/1/2011,NULL
20110101,Sweet corn seeds,1/1/2011,NULL
20110101,Bale hoovu(B.flower),1/1/2011,NULL
20110101,Jukani,1/1/2011,NULL
20110101,Banana cooking R.Banana,1/1/2011,NULL
20110101,Avarekai (Field Beans ),1/1/2011,NULL
20110101,Grapes T.S.,1/1/2011,NULL
20110101,Herali kai,1/1/2011,NULL
20110101,Ladys finger,1/1/2011,NULL
20110101,Little gourd,1/1/2011,NULL
20110101,Lime Local,1/1/2011,NULL
20110101,Grapes Red globe,1/1/2011,NULL
20110101,Grapes Dry 250gm,1/1/2011,NULL
20110101,Grapes Dry 100gm,1/1/2011,NULL
20110101,Lime Bijapur,1/1/2011,NULL
20110101,Mushroom Button,1/1/2011,NULL
20110101,Mushroom Milky,1/1/2011,NULL
20110101,Cauliflower(M),1/1/2011,NULL
20110101,Cauliflower(S),1/1/2011,NULL
20110101,Cauliflower per Kg,1/1/2011,NULL
20110101,Cherry Tomoto,1/1/2011,NULL
20110101,Drumstik,1/1/2011,NULL
20110101,Double Beans seeds,1/1/2011,NULL
20110101,Double Beans,1/1/2011,NULL
20110101,Ground nut Local,1/1/2011,NULL
20110101,Ground nut Hybrid,1/1/2011,NULL
20110101,Ginger,1/1/2011,NULL
20110101,Ginger New,1/1/2011,NULL
20110101,Garlic,1/1/2011,NULL
20110101,Garlic cleaned,1/1/2011,NULL
20110101,Chikadi kai,1/1/2011,NULL
20110101,knol-khol,1/1/2011,NULL
20110101,Arive greens,1/1/2011,NULL
20110101,Eggs,1/1/2011,NULL
20110101,Chakota greens,1/1/2011,NULL
20110101,Onion pack,1/1/2011,NULL
20110101,Potato pack,1/1/2011,NULL
20110101,Chilakarive green,1/1/2011,NULL
20110101,Chillies Bajji yagani,1/1/2011,NULL
20110101,Baby corn,1/1/2011,NULL
20110101,Baby corn cleaned,1/1/2011,NULL
20110101,Berry Southafrica,1/1/2011,NULL
20110101,Berry Golden,1/1/2011,NULL
20110101,Berry ball,1/1/2011,NULL
20110101,Berry Green,1/1/2011,NULL
20110101,Apple Premium,1/1/2011,NULL
20110101,Malenian apple,1/1/2011,NULL
20110101,Nagapur Orange Economy,1/1/2011,NULL
20110101,South Af.red berry,1/1/2011,NULL
20110101,Jumbu juice,1/1/2011,NULL
20110101,Brahmi amla juice,1/1/2011,NULL
20110101,Pomegranate Juice,1/1/2011,NULL
20110101,N.Juice 200 ml,1/1/2011,NULL
20110101,Amla,1/1/2011,NULL
20110101,Beans,1/1/2011,NULL
20110101,Beans Nati,1/1/2011,NULL
20110101,Beans Ring,1/1/2011,NULL
20110101,Beans Fruit,1/1/2011,NULL
20110101,Beans cleaned,1/1/2011,NULL
20110101,Brinjal long,1/1/2011,NULL
20110101,Brinjal (W),1/1/2011,NULL
20110101,Brinjal (R),1/1/2011,NULL
20110101,Brinjal Bottle,1/1/2011,NULL
20110101,Brinjal Mlore,1/1/2011,NULL
20110101,Beet Root,1/1/2011,NULL
20110101,Yam/S.Root,1/1/2011,NULL
20110101,Bitter Gourd,1/1/2011,NULL
20110101,Mint Leaves,1/1/2011,NULL
20110101,Menthya Greens,1/1/2011,NULL
20110101,Palak Greens,1/1/2011,NULL
20110101,Apple Delicious,1/1/2011,NULL
20110101,Apple Simla,1/1/2011,NULL
20110101,Apple Economy,1/1/2011,NULL
20110101,Apple Washington,1/1/2011,NULL
20110101,Apple Australia,1/1/2011,NULL
20110101,Apple Newzeland,1/1/2011,NULL
20110101,Apple Fuji chaina,1/1/2011,NULL
20110101,Apple hazarath palli,1/1/2011,NULL
20110101,Apple Green smith,1/1/2011,NULL
20110101,Apple Golden delicious,1/1/2011,NULL
20110101,Banana pachabale,1/1/2011,NULL
20110101,Banana Yellaki,1/1/2011,NULL
20110101,Banana chandra,1/1/2011,NULL
20110101,Banana Nendra,1/1/2011,NULL
20110101,Banana karpura,1/1/2011,NULL
20110101,Banana Rasabale,1/1/2011,NULL
20110101,Chicco(Sapota) rapined,1/1/2011,NULL
20110101,Custerd Apple,1/1/2011,NULL
20110101,Chicco(Sapota),1/1/2011,NULL
20110101,Guava,1/1/2011,NULL
20110101,Guava Allahabad(Red),1/1/2011,NULL
20110101,Grapes Blore blue,1/1/2011,NULL
20110101,Orange malt,1/1/2011,NULL
20110101,Orange South Africa,1/1/2011,NULL
20110101,Peas Dharwad,1/1/2011,NULL
20110101,Peas Ooty,1/1/2011,NULL
20110101,Pumpkin Ash,1/1/2011,NULL
20110101,Pumpkin Red,1/1/2011,NULL
20110101,Pumpkin Japan,1/1/2011,NULL
20110101,Potato(M),1/1/2011,NULL
20110101,Potato(B),1/1/2011,NULL
20110101,Potato(S),1/1/2011,NULL
20110101,Potato Baby,1/1/2011,NULL
20110101,Sweet Potato(Genasu),1/1/2011,NULL
20110101,Raddish,1/1/2011,NULL
20110101,Raddish Red,1/1/2011,NULL
20110101,Sponge Gourd,1/1/2011,32
20110101,Snake Gourd,1/1/2011,NULL
20110101,Snake Gourd(S),1/1/2011,NULL
20110101,Sham gadde,1/1/2011,NULL
20110101,Spring Onion,1/1/2011,NULL
20110101,Spring Onion(Cleaned),1/1/2011,NULL
20110101,Parvala,1/1/2011,NULL
20110101,Greens Sabbakki,1/1/2011,NULL
20110101,Molake kalu,1/1/2011,NULL
20110101,Hesaru kalu,1/1/2011,NULL
20110101,GrapesAnabi shahi,1/1/2011,NULL
20110101,Grapes Dilkush,1/1/2011,NULL
20110101,Grapes Sharad,1/1/2011,NULL
20110101,Grapes Rose,1/1/2011,NULL
20110101,Grapes Sonika,1/1/2011,NULL
20110101,Grapes Flame,1/1/2011,NULL
20110101,Grapes Krishna sharad,1/1/2011,NULL
20110101,Grapes Crimson,1/1/2011,NULL
20110101,Komark fruit,1/1/2011,NULL
20110101,Kiwi fruit,1/1/2011,NULL
20110101,Litchi Local,1/1/2011,NULL
20110101,Litchi Taiwan/chaina,1/1/2011,NULL
20110101,Straw Berry,1/1/2011,NULL
20110101,Tender Coconut,1/1/2011,NULL
20110101,Tender Coconut(M),1/1/2011,NULL
20110101,Tamrind Chatisghar,1/1/2011,NULL
20110101,Tamarind seedless,1/1/2011,NULL
20110101,Thinda,1/1/2011,NULL
20110101,Dates Arebian,1/1/2011,NULL
20110101,Pista,1/1/2011,NULL
20110101,Tender Coconut(S),1/1/2011,NULL
20110101,Tender Coco packed,1/1/2011,NULL
20110101,Fruit Juice Tailand,1/1/2011,NULL
20110101,G.oil Net rich 500 ml,1/1/2011,NULL
20110101,Ground nut oil 1 lt,1/1/2011,NULL
20110101,G.nut oil Premium1 lt,1/1/2011,NULL
20110101,G.nut oil Rice Bron 1 lt,1/1/2011,NULL
20110102,Chocolates Drink box,2/1/2011,NULL
20110102,Fanda,2/1/2011,NULL
20110102,Jam 100 gm,2/1/2011,NULL
20110102,Jam 200 gm,2/1/2011,NULL
20110102,Jam 1/2 kg,2/1/2011,NULL
20110102,Jam 1 kg,2/1/2011,NULL
20110102,Coconut oil 500 ml,2/1/2011,NULL
20110102,Stevia powder,2/1/2011,NULL
20110102,Pepper,2/1/2011,NULL
20110102,Sungold oil 5 lt packet,2/1/2011,NULL
20110102,Sun safal Tin 15 lt,2/1/2011,NULL
20110102,Tamarind Paste 450 gm,2/1/2011,NULL
20110102,Safal deep 500 ml,2/1/2011,NULL
20110102,Ground nut oil 5 lt,2/1/2011,NULL
20110102,Sungold oil 5 lt,2/1/2011,NULL
20110102,Rice Bran 5 lt,2/1/2011,NULL
20110102,Tamarind Paste 150 gm,2/1/2011,NULL
20110102,Washington red apple,2/1/2011,NULL
20110102,Indian red globe,2/1/2011,NULL
20110102,Apple Chilli,2/1/2011,NULL
20110102,Bread fruit,2/1/2011,NULL
20110102,Peas seeds,2/1/2011,NULL
20110102,Anjura/Fig,2/1/2011,NULL
20110102,Butter fruit,2/1/2011,NULL
20110102,Bore fruit,2/1/2011,NULL
20110102,S.mellon Local (Luck),2/1/2011,NULL
20110102,S.mellon namdhari (Red),2/1/2011,NULL
20110102,Mosambi polo,2/1/2011,NULL
20110102,Rumenia Mango,2/1/2011,NULL
20110102,Apple Chaina Delicious,2/1/2011,NULL
20110102,,2/1/2011,NULL
20110102,,2/1/2011,NULL
20110102,,2/1/2011,NULL
20110102,Chilles small cleaned (C.B.P),2/1/2011,NULL
20110102,Washington gala apple,2/1/2011,NULL
20110102,Times Rose berry,2/1/2011,NULL
20110102,Grapesh Tash ganesh,2/1/2011,NULL
20110102,Chikkadikai cleaned,2/1/2011,NULL
20110102,Orange juice,2/1/2011,NULL
20110102,Thiland Jelly,2/1/2011,NULL
20110102,Thiland Juice,2/1/2011,NULL
20110102,Pineapple juice,2/1/2011,NULL
20110102,Kashini greens,2/1/2011,NULL
20110102,Mosambi,2/1/2011,NULL
20110102,S.mellon namdhari,2/1/2011,NULL
20110102,Watermellon kiran,2/1/2011,NULL
20110102,Watermellon,2/1/2011,NULL
20110102,Tamarind sweet 500gm,2/1/2011,NULL
20110102,Rampal,2/1/2011,NULL
20110102,Rose apple,2/1/2011,NULL
20110102,Pomello/Chakotha,2/1/2011,NULL
20110102,Peaches,2/1/2011,NULL
20110102,Plum Australia,2/1/2011,NULL
20110102,Plum Ooty,2/1/2011,NULL
20110102,Pineapple,2/1/2011,NULL
20110102,Papaya sola,2/1/2011,NULL
20110102,Papaya Red lady,2/1/2011,NULL
20110102,Papaya Taiwan,2/1/2011,NULL
20110102,Papaya nati,2/1/2011,NULL
20110102,Pomegranate Ganesh,2/1/2011,NULL
20110102,Pomegranate A.raktha,2/1/2011,NULL
20110102,Pomegranate Bhagav,2/1/2011,NULL
20110102,Pomegranate,2/1/2011,NULL
20110102,Ginger ooty,2/1/2011,NULL
20110102,Dhantu greens,2/1/2011,NULL
20110102,Curry leave,2/1/2011,NULL
20110102,Corriander Leave,2/1/2011,NULL
20110102,Kakadi,2/1/2011,NULL
20110102,Pickles mixed veg,2/1/2011,NULL
20110102,mango Pickles,2/1/2011,NULL
20110102,Lime Pickles,2/1/2011,NULL
20110102,Pickles,2/1/2011,NULL
20110102,Rice Bran 15 lt Tin,2/1/2011,NULL
20110102,G. nut sungold 1 lt,2/1/2011,NULL
20110102,G. nut Golden oil 1 lt,2/1/2011,NULL
20110102,G. nut oil safal deep1 lt,2/1/2011,NULL
20110102,G. nut oil Rice 1 lt,2/1/2011,NULL
20110102,Apple juice,2/1/2011,NULL
20110102,Litchi Juice,2/1/2011,NULL
20110102,Parsley,2/1/2011,NULL
20110102,Leeks,2/1/2011,NULL
20110102,Selari,2/1/2011,NULL
20110102,South Africa Gala apple,2/1/2011,NULL
20110102,Indian kinora apple,2/1/2011,NULL
20110102,Chikkadikai Round,2/1/2011,NULL
20110102,Mineral water 1 lt,2/1/2011,NULL
20110102,Net rich 5 lt oil,2/1/2011,NULL
20110102,Byladha Hannu,2/1/2011,NULL
20110102,Maize,2/1/2011,NULL
20110102,Y.Bananan T.N.,2/1/2011,NULL
20110102,Chain Berry,2/1/2011,NULL
20110102,Onion flowers,2/1/2011,NULL
20110102,Letteus Greens,2/1/2011,NULL
20110102,Basale Greens,2/1/2011,NULL
20110102,BaleDindu (Banana stem),2/1/2011,NULL
20110102,Batani kalu,2/1/2011,NULL
20110102,Sweet corn seeds spok,2/1/2011,NULL
20110102,Sweet corn cleaned,2/1/2011,NULL
20110102,Sweet corn,2/1/2011,NULL
20110102,Orange Australia,2/1/2011,NULL
20110102,Orange Ooty,2/1/2011,NULL
20110102,Orange Nagpura,2/1/2011,NULL
20110102,Orange,2/1/2011,NULL
20110102,Mango sakkaregutti,2/1/2011,NULL
20110102,Mango Alphans box,2/1/2011,NULL
20110102,Mango rathnagiri(red),2/1/2011,NULL
20110102,Mango Amarpalli,2/1/2011,NULL
20110102,Mango Kesar,2/1/2011,NULL
20110102,Mango Langada,2/1/2011,NULL
20110102,Mango Dasheri,2/1/2011,NULL
20110102,Mango Neelam,2/1/2011,NULL
20110102,Mango kalapadu,2/1/2011,NULL
20110102,Mango thotapuri,2/1/2011,NULL
20110102,Mango mallika,2/1/2011,NULL
20110102,Mango malagova,2/1/2011,NULL
20110102,Mango Bygan palli,2/1/2011,NULL
20110102,Mango Sendura,2/1/2011,NULL
20110102,Capsicum,2/1/2011,NULL
20110102,Cluster Bean Local,2/1/2011,NULL
20110102,Mangalore cucumber,2/1/2011,NULL
20110102,Cucumber Ooty,2/1/2011,NULL
20110102,Cucumber Israle,2/1/2011,NULL
20110102,Cucumber Nati,2/1/2011,NULL
20110102,Cucumber,2/1/2011,NULL
20110102,Chow-Chow,2/1/2011,NULL
20110102,Bottle Gourd,2/1/2011,NULL
20110102,Jambo fruit(Nerale),2/1/2011,NULL
20110102,Dry fruit mixed,2/1/2011,NULL
20110102,Badami,2/1/2011,NULL
20110102,Dry apricot,2/1/2011,NULL
20110102,Dates seedless,2/1/2011,NULL
20110102,Dry dates,2/1/2011,NULL
20110102,Dates,2/1/2011,NULL
20110102,Cashew nut,2/1/2011,NULL
20110102,Cherry kashmir,2/1/2011,NULL
20110102,Cherry fruit,2/1/2011,NULL
20110102,Ber fruit/Bore fruit,2/1/2011,NULL
20110102,Berry Delhi,2/1/2011,NULL
20110102,Berry Soft,2/1/2011,NULL
20110102,Berry fruit Ooty,2/1/2011,NULL
20110102,Peas Delhi,2/1/2011,NULL
20110102,Peas local,2/1/2011,NULL
20110102,Onion samber,2/1/2011,NULL
20110102,Mango Raspuri,2/1/2011,NULL
20110102,Onion small(Economy),2/1/2011,NULL
20110102,Mango Alphans,2/1/2011,NULL
20110102,Mango Badami,2/1/2011,NULL
20110102,Mango,2/1/2011,NULL
20110102,Papaya red indian,2/1/2011,NULL
20110102,Indian Black globe Grapes,2/1/2011,NULL
20110102,Jack fruit,2/1/2011,NULL
20110102,Onion Big,2/1/2011,NULL
20110102,Onion medium,2/1/2011,NULL
20110102,Mushroom Oyster,2/1/2011,NULL
20110102,Brucoli,2/1/2011,NULL
20110102,Avare seed (FB seeds),2/1/2011,NULL
20110102,Avarebele (F. Beans spok),2/1/2011,NULL
20110102,Bale hoovu(B.flower),2/1/2011,NULL
20110102,Sweet corn seeds,2/1/2011,NULL
20110102,Kashini (Ganike) Greens,2/1/2011,NULL
20110102,Cucumber white,2/1/2011,NULL
20110102,Cluster Beans Bunches,2/1/2011,NULL
20110102,Gulkan 1/4 kg,2/1/2011,NULL
20110102,Gulkan 1/2 kg,2/1/2011,NULL
20110102,Gulkan 1 kg,2/1/2011,NULL
20110102,Honney 100 gm,2/1/2011,NULL
20110102,Honney 200 gm,2/1/2011,NULL
20110102,Honney 1 Kg,2/1/2011,NULL
20110102,Honney 1/2,2/1/2011,NULL
20110102,Copra,2/1/2011,NULL
20110102,Cauliflower(B),2/1/2011,NULL
20110102,Cabbage chaina,2/1/2011,NULL
20110102,Cabbage Red,2/1/2011,NULL
20110102,Cabbage,2/1/2011,NULL
20110102,Coconut (OS),2/1/2011,NULL
20110102,Coconut (S),2/1/2011,NULL
20110102,Coconut (M),2/1/2011,NULL
20110102,Coconut (B),2/1/2011,NULL
20110102,Cowpea Long,2/1/2011,NULL
20110102,Cowpea Local,2/1/2011,NULL
20110102,Carrot Nati,2/1/2011,NULL
20110102,Carrot Delhi,2/1/2011,NULL
20110102,Carrot ooty,2/1/2011,NULL
20110102,Chillies small (C.B.P),2/1/2011,NULL
20110102,Chillies Cleaned,2/1/2011,NULL
20110102,Chillies Bajji,2/1/2011,NULL
20110102,Chillies Green,2/1/2011,NULL
20110102,Capsicum Red/Yellow,2/1/2011,NULL
20110102,Capsicum 1,2/1/2011,NULL
20110102,Mango Raw,2/1/2011,NULL
20110102,Mango Raw Amblet,2/1/2011,NULL
20110102,Thogari kai,2/1/2011,NULL
20110102,Tomoto,2/1/2011,NULL
20110102,Bitter Gourd,2/1/2011,NULL
20110102,Yam/S.Root,2/1/2011,NULL
20110102,Beet Root,2/1/2011,NULL
20110102,Brinjal Mlore,2/1/2011,NULL
20110102,Brinjal Bottle,2/1/2011,NULL
20110102,Brinjal (R),2/1/2011,NULL
20110102,Brinjal (W),2/1/2011,NULL
20110102,Brinjal long,2/1/2011,NULL
20110102,Beans cleaned,2/1/2011,NULL
20110102,Beans Fruit,2/1/2011,NULL
20110102,Beans Ring,2/1/2011,NULL
20110102,Beans Nati,2/1/2011,NULL
20110102,Beans,2/1/2011,NULL
20110102,Amla,2/1/2011,NULL
20110102,N.Juice 200 ml,2/1/2011,NULL
20110102,Pomegranate Juice,2/1/2011,NULL
20110102,Brahmi amla juice,2/1/2011,NULL
20110102,Jumbu juice,2/1/2011,NULL
20110102,South Af.red berry,2/1/2011,NULL
20110102,Nagapur Orange Economy,2/1/2011,NULL
20110102,Malenian apple,2/1/2011,NULL
20110102,Apple Premium,2/1/2011,NULL
20110102,Berry Green,2/1/2011,NULL
20110102,Berry ball,2/1/2011,NULL
20110102,Berry Golden,2/1/2011,NULL
20110102,Berry Southafrica,2/1/2011,NULL
20110102,Baby corn cleaned,2/1/2011,NULL
20110102,Baby corn,2/1/2011,NULL
20110102,Chillies Bajji yagani,2/1/2011,NULL
20110102,Chilakarive green,2/1/2011,NULL
20110102,Potato pack,2/1/2011,NULL
20110102,Onion pack,2/1/2011,NULL
20110102,Chakota greens,2/1/2011,NULL
20110102,Eggs,2/1/2011,NULL
20110102,Arive greens,2/1/2011,NULL
20110102,knol-khol,2/1/2011,NULL
20110102,Chikadi kai,2/1/2011,NULL
20110102,Garlic cleaned,2/1/2011,NULL
20110102,Garlic,2/1/2011,NULL
20110102,Ginger New,2/1/2011,NULL
20110102,Ginger,2/1/2011,NULL
20110102,Ground nut Hybrid,2/1/2011,NULL
20110102,Ground nut Local,2/1/2011,NULL
20110102,Double Beans,2/1/2011,NULL
20110102,Double Beans seeds,2/1/2011,NULL
20110102,Drumstik,2/1/2011,NULL
20110102,Cherry Tomoto,2/1/2011,NULL
20110102,Cauliflower per Kg,2/1/2011,NULL
20110102,Cauliflower(S),2/1/2011,NULL
20110102,Cauliflower(M),2/1/2011,NULL
20110102,Mushroom Milky,2/1/2011,NULL
20110102,Mushroom Button,2/1/2011,NULL
20110102,Lime Bijapur,2/1/2011,NULL
20110102,Grapes Dry 100gm,2/1/2011,NULL
20110102,Grapes Dry 250gm,2/1/2011,NULL
20110102,Grapes Red globe,2/1/2011,NULL
20110102,Lime Local,2/1/2011,NULL
20110102,Little gourd,2/1/2011,NULL
20110102,Ladys finger,2/1/2011,NULL
20110102,Herali kai,2/1/2011,NULL
20110102,Grapes T.S.,2/1/2011,NULL
20110102,Avarekai (Field Beans ),2/1/2011,NULL
20110102,Banana cooking R.Banana,2/1/2011,NULL
20110102,Jukani,2/1/2011,NULL
20110102,Sham gadde,2/1/2011,NULL
20110102,Snake Gourd(S),2/1/2011,NULL
20110102,Snake Gourd,2/1/2011,NULL
20110102,Sponge Gourd,2/1/2011,NULL
20110102,Raddish Red,2/1/2011,NULL
20110102,Raddish,2/1/2011,NULL
20110102,Sweet Potato(Genasu),2/1/2011,NULL
20110102,Potato Baby,2/1/2011,NULL
20110102,Potato(S),2/1/2011,NULL
20110102,Potato(B),2/1/2011,NULL
20110102,Potato(M),2/1/2011,NULL
20110102,Pumpkin Japan,2/1/2011,NULL
20110102,Pumpkin Red,2/1/2011,NULL
20110102,Pumpkin Ash,2/1/2011,NULL
20110102,Peas Ooty,2/1/2011,NULL
20110102,Peas Dharwad,2/1/2011,NULL
20110102,Orange South Africa,2/1/2011,NULL
20110102,Orange malt,2/1/2011,NULL
20110102,Grapes Blore blue,2/1/2011,NULL
20110102,Guava Allahabad(Red),2/1/2011,NULL
20110102,Guava,2/1/2011,NULL
20110102,Chicco(Sapota),2/1/2011,NULL
20110102,Custerd Apple,2/1/2011,NULL
20110102,Chicco(Sapota) rapined,2/1/2011,NULL
20110102,Banana Rasabale,2/1/2011,NULL
20110102,Banana karpura,2/1/2011,NULL
20110102,Banana Nendra,2/1/2011,NULL
20110102,Banana chandra,2/1/2011,NULL
20110102,Banana Yellaki,2/1/2011,NULL
20110102,Banana pachabale,2/1/2011,NULL
20110102,Apple Golden delicious,2/1/2011,NULL
20110102,Apple Green smith,2/1/2011,NULL
20110102,Apple hazarath palli,2/1/2011,NULL
20110102,Apple Fuji chaina,2/1/2011,NULL
20110102,Apple Newzeland,2/1/2011,NULL
20110102,Apple Australia,2/1/2011,NULL
20110102,Apple Washington,2/1/2011,NULL
20110102,Apple Economy,2/1/2011,NULL
20110102,Apple Simla,2/1/2011,NULL
20110102,Apple Delicious,2/1/2011,NULL
20110102,Palak Greens,2/1/2011,NULL
20110102,Menthya Greens,2/1/2011,NULL
20110102,Mint Leaves,2/1/2011,NULL
20110102,G.nut oil Rice Bron 1 lt,2/1/2011,NULL
20110102,G.nut oil Premium1 lt,2/1/2011,NULL
20110102,Ground nut oil 1 lt,2/1/2011,NULL
20110102,G.oil Net rich 500 ml,2/1/2011,NULL
20110102,Fruit Juice Tailand,2/1/2011,NULL
20110102,Tender Coco packed,2/1/2011,NULL
20110102,Tender Coconut(S),2/1/2011,NULL
20110102,Pista,2/1/2011,NULL
20110102,Dates Arebian,2/1/2011,NULL
20110102,Thinda,2/1/2011,NULL
20110102,Tamarind seedless,2/1/2011,NULL
20110102,Tamrind Chatisghar,2/1/2011,NULL
20110102,Tender Coconut(M),2/1/2011,NULL
20110102,Tender Coconut,2/1/2011,NULL
20110102,Straw Berry,2/1/2011,NULL
20110102,Litchi Taiwan/chaina,2/1/2011,NULL
20110102,Litchi Local,2/1/2011,NULL
20110102,Kiwi fruit,2/1/2011,NULL
20110102,Komark fruit,2/1/2011,NULL
20110102,Grapes Crimson,2/1/2011,NULL
20110102,Grapes Krishna sharad,2/1/2011,NULL
20110102,Grapes Flame,2/1/2011,NULL
20110102,Grapes Sonika,2/1/2011,NULL
20110102,Grapes Rose,2/1/2011,NULL
20110102,Grapes Sharad,2/1/2011,NULL
20110102,Grapes Dilkush,2/1/2011,NULL
20110102,GrapesAnabi shahi,2/1/2011,NULL
20110102,Hesaru kalu,2/1/2011,NULL
20110102,Molake kalu,2/1/2011,NULL
20110102,Greens Sabbakki,2/1/2011,NULL
20110102,Parvala,2/1/2011,NULL
20110102,Spring Onion(Cleaned),2/1/2011,NULL
20110102,Spring Onion,2/1/2011,NULL
20110103,Kashini greens,3/1/2011,NULL
20110103,Pineapple juice,3/1/2011,NULL
20110103,Thiland Juice,3/1/2011,NULL
20110103,Thiland Jelly,3/1/2011,NULL
20110103,Orange juice,3/1/2011,NULL
20110103,Chikkadikai cleaned,3/1/2011,NULL
20110103,Grapesh Tash ganesh,3/1/2011,NULL
20110103,Times Rose berry,3/1/2011,NULL
20110103,Washington gala apple,3/1/2011,NULL
20110103,Chilles small cleaned (C.B.P),3/1/2011,NULL
20110103,,3/1/2011,NULL
20110103,,3/1/2011,NULL
20110103,,3/1/2011,NULL
20110103,Apple Chaina Delicious,3/1/2011,NULL
20110103,Rumenia Mango,3/1/2011,NULL
20110103,Mosambi polo,3/1/2011,NULL
20110103,S.mellon namdhari (Red),3/1/2011,NULL
20110103,S.mellon Local (Luck),3/1/2011,NULL
20110103,Bore fruit,3/1/2011,NULL
20110103,Butter fruit,3/1/2011,NULL
20110103,Anjura/Fig,3/1/2011,NULL
20110103,Peas seeds,3/1/2011,NULL
20110103,Bread fruit,3/1/2011,NULL
20110103,Apple Chilli,3/1/2011,NULL
20110103,Indian red globe,3/1/2011,NULL
20110103,Washington red apple,3/1/2011,NULL
20110103,Tamarind Paste 150 gm,3/1/2011,NULL
20110103,Rice Bran 5 lt,3/1/2011,NULL
20110103,Sungold oil 5 lt,3/1/2011,NULL
20110103,Ground nut oil 5 lt,3/1/2011,NULL
20110103,Safal deep 500 ml,3/1/2011,NULL
20110103,Tamarind Paste 450 gm,3/1/2011,NULL
20110103,Sun safal Tin 15 lt,3/1/2011,NULL
20110103,Sungold oil 5 lt packet,3/1/2011,NULL
20110103,Pepper,3/1/2011,NULL
20110103,Stevia powder,3/1/2011,NULL
20110103,Coconut oil 500 ml,3/1/2011,NULL
20110103,Jam 1 kg,3/1/2011,NULL
20110103,Jam 1/2 kg,3/1/2011,NULL
20110103,Jam 200 gm,3/1/2011,NULL
20110103,Jam 100 gm,3/1/2011,NULL
20110103,Fanda,3/1/2011,NULL
20110103,Chocolates Drink box,3/1/2011,NULL
20110103,Kakadi,3/1/2011,NULL
20110103,Corriander Leave,3/1/2011,NULL
20110103,Curry leave,3/1/2011,NULL
20110103,Dhantu greens,3/1/2011,NULL
20110103,Ginger ooty,3/1/2011,NULL
20110103,Pomegranate,3/1/2011,NULL
20110103,Pomegranate Bhagav,3/1/2011,NULL
20110103,Pomegranate A.raktha,3/1/2011,NULL
20110103,Pomegranate Ganesh,3/1/2011,NULL
20110103,Papaya nati,3/1/2011,NULL
20110103,Papaya Taiwan,3/1/2011,NULL
20110103,Papaya Red lady,3/1/2011,NULL
20110103,Papaya sola,3/1/2011,NULL
20110103,Pineapple,3/1/2011,NULL
20110103,Plum Ooty,3/1/2011,NULL
20110103,Plum Australia,3/1/2011,NULL
20110103,Peaches,3/1/2011,NULL
20110103,Pomello/Chakotha,3/1/2011,NULL
20110103,Rose apple,3/1/2011,NULL
20110103,Rampal,3/1/2011,NULL
20110103,Tamarind sweet 500gm,3/1/2011,NULL
20110103,Watermellon,3/1/2011,NULL
20110103,Watermellon kiran,3/1/2011,NULL
20110103,S.mellon namdhari,3/1/2011,NULL
20110103,Mosambi,3/1/2011,NULL
20110103,Sweet corn,3/1/2011,NULL
20110103,Sweet corn cleaned,3/1/2011,NULL
20110103,Sweet corn seeds spok,3/1/2011,NULL
20110103,Batani kalu,3/1/2011,NULL
20110103,BaleDindu (Banana stem),3/1/2011,NULL
20110103,Basale Greens,3/1/2011,NULL
20110103,Letteus Greens,3/1/2011,NULL
20110103,Onion flowers,3/1/2011,NULL
20110103,Chain Berry,3/1/2011,NULL
20110103,Y.Bananan T.N.,3/1/2011,NULL
20110103,Maize,3/1/2011,NULL
20110103,Byladha Hannu,3/1/2011,NULL
20110103,Net rich 5 lt oil,3/1/2011,NULL
20110103,Mineral water 1 lt,3/1/2011,NULL
20110103,Chikkadikai Round,3/1/2011,NULL
20110103,Indian kinora apple,3/1/2011,NULL
20110103,South Africa Gala apple,3/1/2011,NULL
20110103,Selari,3/1/2011,NULL
20110103,Leeks,3/1/2011,NULL
20110103,Parsley,3/1/2011,NULL
20110103,Litchi Juice,3/1/2011,NULL
20110103,Apple juice,3/1/2011,NULL
20110103,G. nut oil Rice 1 lt,3/1/2011,NULL
20110103,G. nut oil safal deep1 lt,3/1/2011,NULL
20110103,G. nut Golden oil 1 lt,3/1/2011,NULL
20110103,G. nut sungold 1 lt,3/1/2011,NULL
20110103,Rice Bran 15 lt Tin,3/1/2011,NULL
20110103,Pickles,3/1/2011,NULL
20110103,Lime Pickles,3/1/2011,NULL
20110103,mango Pickles,3/1/2011,NULL
20110103,Pickles mixed veg,3/1/2011,NULL
20110103,Avarebele (F. Beans spok),3/1/2011,NULL
20110103,Avare seed (FB seeds),3/1/2011,NULL
20110103,Brucoli,3/1/2011,NULL
20110103,Mushroom Oyster,3/1/2011,NULL
20110103,Onion medium,3/1/2011,NULL
20110103,Onion Big,3/1/2011,NULL
20110103,Jack fruit,3/1/2011,NULL
20110103,Indian Black globe Grapes,3/1/2011,NULL
20110103,Papaya red indian,3/1/2011,NULL
20110103,Mango,3/1/2011,NULL
20110103,Mango Badami,3/1/2011,NULL
20110103,Mango Alphans,3/1/2011,NULL
20110103,Onion small(Economy),3/1/2011,NULL
20110103,Mango Raspuri,3/1/2011,NULL
20110103,Onion samber,3/1/2011,NULL
20110103,Peas local,3/1/2011,NULL
20110103,Peas Delhi,3/1/2011,NULL
20110103,Berry fruit Ooty,3/1/2011,NULL
20110103,Berry Soft,3/1/2011,NULL
20110103,Berry Delhi,3/1/2011,NULL
20110103,Ber fruit/Bore fruit,3/1/2011,NULL
20110103,Cherry fruit,3/1/2011,NULL
20110103,Cherry kashmir,3/1/2011,NULL
20110103,Cashew nut,3/1/2011,NULL
20110103,Dates,3/1/2011,NULL
20110103,Dry dates,3/1/2011,NULL
20110103,Dates seedless,3/1/2011,NULL
20110103,Dry apricot,3/1/2011,NULL
20110103,Badami,3/1/2011,NULL
20110103,Dry fruit mixed,3/1/2011,NULL
20110103,Jambo fruit(Nerale),3/1/2011,NULL
20110103,Bottle Gourd,3/1/2011,NULL
20110103,Chow-Chow,3/1/2011,NULL
20110103,Cucumber,3/1/2011,NULL
20110103,Cucumber Nati,3/1/2011,NULL
20110103,Cucumber Israle,3/1/2011,NULL
20110103,Cucumber Ooty,3/1/2011,NULL
20110103,Mangalore cucumber,3/1/2011,NULL
20110103,Cluster Bean Local,3/1/2011,NULL
20110103,Capsicum,3/1/2011,NULL
20110103,Mango Sendura,3/1/2011,NULL
20110103,Mango Bygan palli,3/1/2011,NULL
20110103,Mango malagova,3/1/2011,NULL
20110103,Mango mallika,3/1/2011,NULL
20110103,Mango thotapuri,3/1/2011,NULL
20110103,Mango kalapadu,3/1/2011,NULL
20110103,Mango Neelam,3/1/2011,NULL
20110103,Mango Dasheri,3/1/2011,NULL
20110103,Mango Langada,3/1/2011,NULL
20110103,Mango Kesar,3/1/2011,NULL
20110103,Mango Amarpalli,3/1/2011,NULL
20110103,Mango rathnagiri(red),3/1/2011,NULL
20110103,Mango Alphans box,3/1/2011,NULL
20110103,Mango sakkaregutti,3/1/2011,NULL
20110103,Orange,3/1/2011,NULL
20110103,Orange Nagpura,3/1/2011,NULL
20110103,Orange Ooty,3/1/2011,NULL
20110103,Orange Australia,3/1/2011,NULL
20110103,Tomoto,3/1/2011,NULL
20110103,Thogari kai,3/1/2011,NULL
20110103,Mango Raw Amblet,3/1/2011,NULL
20110103,Mango Raw,3/1/2011,NULL
20110103,Capsicum 1,3/1/2011,NULL
20110103,Capsicum Red/Yellow,3/1/2011,NULL
20110103,Chillies Green,3/1/2011,NULL
20110103,Chillies Bajji,3/1/2011,NULL
20110103,Chillies Cleaned,3/1/2011,NULL
20110103,Chillies small (C.B.P),3/1/2011,NULL
20110103,Carrot ooty,3/1/2011,NULL
20110103,Carrot Delhi,3/1/2011,NULL
20110103,Carrot Nati,3/1/2011,NULL
20110103,Cowpea Local,3/1/2011,NULL
20110103,Cowpea Long,3/1/2011,NULL
20110103,Coconut (B),3/1/2011,NULL
20110103,Coconut (M),3/1/2011,NULL
20110103,Coconut (S),3/1/2011,NULL
20110103,Coconut (OS),3/1/2011,NULL
20110103,Cabbage,3/1/2011,NULL
20110103,Cabbage Red,3/1/2011,NULL
20110103,Cabbage chaina,3/1/2011,NULL
20110103,Cauliflower(B),3/1/2011,NULL
20110103,Copra,3/1/2011,NULL
20110103,Honney 1/2,3/1/2011,NULL
20110103,Honney 1 Kg,3/1/2011,NULL
20110103,Honney 200 gm,3/1/2011,NULL
20110103,Honney 100 gm,3/1/2011,NULL
20110103,Gulkan 1 kg,3/1/2011,NULL
20110103,Gulkan 1/2 kg,3/1/2011,NULL
20110103,Gulkan 1/4 kg,3/1/2011,NULL
20110103,Cluster Beans Bunches,3/1/2011,NULL
20110103,Cucumber white,3/1/2011,NULL
20110103,Kashini (Ganike) Greens,3/1/2011,NULL
20110103,Sweet corn seeds,3/1/2011,NULL
20110103,Bale hoovu(B.flower),3/1/2011,NULL
20110103,Jukani,3/1/2011,NULL
20110103,Banana cooking R.Banana,3/1/2011,NULL
20110103,Avarekai (Field Beans ),3/1/2011,NULL
20110103,Grapes T.S.,3/1/2011,NULL
20110103,Herali kai,3/1/2011,NULL
20110103,Ladys finger,3/1/2011,NULL
20110103,Little gourd,3/1/2011,NULL
20110103,Lime Local,3/1/2011,NULL
20110103,Grapes Red globe,3/1/2011,NULL
20110103,Grapes Dry 250gm,3/1/2011,NULL
20110103,Grapes Dry 100gm,3/1/2011,NULL
20110103,Lime Bijapur,3/1/2011,NULL
20110103,Mushroom Button,3/1/2011,NULL
20110103,Mushroom Milky,3/1/2011,NULL
20110103,Cauliflower(M),3/1/2011,NULL
20110103,Cauliflower(S),3/1/2011,NULL
20110103,Cauliflower per Kg,3/1/2011,NULL
20110103,Cherry Tomoto,3/1/2011,NULL
20110103,Drumstik,3/1/2011,NULL
20110103,Double Beans seeds,3/1/2011,NULL
20110103,Double Beans,3/1/2011,NULL
20110103,Ground nut Local,3/1/2011,NULL
20110103,Ground nut Hybrid,3/1/2011,NULL
20110103,Ginger,3/1/2011,NULL
20110103,Ginger New,3/1/2011,NULL
20110103,Garlic,3/1/2011,NULL
20110103,Garlic cleaned,3/1/2011,NULL
20110103,Chikadi kai,3/1/2011,NULL
20110103,knol-khol,3/1/2011,NULL
20110103,Arive greens,3/1/2011,NULL
20110103,Eggs,3/1/2011,NULL
20110103,Chakota greens,3/1/2011,NULL
20110103,Onion pack,3/1/2011,NULL
20110103,Potato pack,3/1/2011,NULL
20110103,Chilakarive green,3/1/2011,NULL
20110103,Chillies Bajji yagani,3/1/2011,NULL
20110103,Baby corn,3/1/2011,NULL
20110103,Baby corn cleaned,3/1/2011,NULL
20110103,Berry Southafrica,3/1/2011,NULL
20110103,Berry Golden,3/1/2011,NULL
20110103,Berry ball,3/1/2011,NULL
20110103,Berry Green,3/1/2011,NULL
20110103,Apple Premium,3/1/2011,NULL
20110103,Malenian apple,3/1/2011,NULL
20110103,Nagapur Orange Economy,3/1/2011,NULL
20110103,South Af.red berry,3/1/2011,NULL
20110103,Jumbu juice,3/1/2011,NULL
20110103,Brahmi amla juice,3/1/2011,NULL
20110103,Pomegranate Juice,3/1/2011,NULL
20110103,N.Juice 200 ml,3/1/2011,NULL
20110103,Amla,3/1/2011,NULL
20110103,Beans,3/1/2011,NULL
20110103,Beans Nati,3/1/2011,NULL
20110103,Beans Ring,3/1/2011,NULL
20110103,Beans Fruit,3/1/2011,NULL
20110103,Beans cleaned,3/1/2011,NULL
20110103,Brinjal long,3/1/2011,NULL
20110103,Brinjal (W),3/1/2011,NULL
20110103,Brinjal (R),3/1/2011,NULL
20110103,Brinjal Bottle,3/1/2011,NULL
20110103,Brinjal Mlore,3/1/2011,NULL
20110103,Beet Root,3/1/2011,NULL
20110103,Yam/S.Root,3/1/2011,NULL
20110103,Bitter Gourd,3/1/2011,NULL
20110103,Mint Leaves,3/1/2011,NULL
20110103,Menthya Greens,3/1/2011,NULL
20110103,Palak Greens,3/1/2011,NULL
20110103,Apple Delicious,3/1/2011,NULL
20110103,Apple Simla,3/1/2011,NULL
20110103,Apple Economy,3/1/2011,NULL
20110103,Apple Washington,3/1/2011,NULL
20110103,Apple Australia,3/1/2011,NULL
20110103,Apple Newzeland,3/1/2011,NULL
20110103,Apple Fuji chaina,3/1/2011,NULL
20110103,Apple hazarath palli,3/1/2011,NULL
20110103,Apple Green smith,3/1/2011,NULL
20110103,Apple Golden delicious,3/1/2011,NULL
20110103,Banana pachabale,3/1/2011,NULL
20110103,Banana Yellaki,3/1/2011,NULL
20110103,Banana chandra,3/1/2011,NULL
20110103,Banana Nendra,3/1/2011,NULL
20110103,Banana karpura,3/1/2011,NULL
20110103,Banana Rasabale,3/1/2011,NULL
20110103,Chicco(Sapota) rapined,3/1/2011,NULL
20110103,Custerd Apple,3/1/2011,NULL
20110103,Chicco(Sapota),3/1/2011,NULL
20110103,Guava,3/1/2011,NULL
20110103,Guava Allahabad(Red),3/1/2011,NULL
20110103,Grapes Blore blue,3/1/2011,NULL
20110103,Orange malt,3/1/2011,NULL
20110103,Orange South Africa,3/1/2011,NULL
20110103,Peas Dharwad,3/1/2011,NULL
20110103,Peas Ooty,3/1/2011,NULL
20110103,Pumpkin Ash,3/1/2011,NULL
20110103,Pumpkin Red,3/1/2011,NULL
20110103,Pumpkin Japan,3/1/2011,NULL
20110103,Potato(M),3/1/2011,NULL
20110103,Potato(B),3/1/2011,NULL
20110103,Potato(S),3/1/2011,NULL
20110103,Potato Baby,3/1/2011,NULL
20110103,Sweet Potato(Genasu),3/1/2011,NULL
20110103,Raddish,3/1/2011,NULL
20110103,Raddish Red,3/1/2011,NULL
20110103,Sponge Gourd,3/1/2011,NULL
20110103,Snake Gourd,3/1/2011,NULL
20110103,Snake Gourd(S),3/1/2011,NULL
20110103,Sham gadde,3/1/2011,NULL
20110103,Spring Onion,3/1/2011,NULL
20110103,Spring Onion(Cleaned),3/1/2011,NULL
20110103,Parvala,3/1/2011,NULL
20110103,Greens Sabbakki,3/1/2011,NULL
20110103,Molake kalu,3/1/2011,NULL
20110103,Hesaru kalu,3/1/2011,NULL
20110103,GrapesAnabi shahi,3/1/2011,NULL
20110103,Grapes Dilkush,3/1/2011,NULL
20110103,Grapes Sharad,3/1/2011,NULL
20110103,Grapes Rose,3/1/2011,NULL
20110103,Grapes Sonika,3/1/2011,NULL
20110103,Grapes Flame,3/1/2011,NULL
20110103,Grapes Krishna sharad,3/1/2011,NULL
20110103,Grapes Crimson,3/1/2011,NULL
20110103,Komark fruit,3/1/2011,NULL
20110103,Kiwi fruit,3/1/2011,NULL
20110103,Litchi Local,3/1/2011,NULL
20110103,Litchi Taiwan/chaina,3/1/2011,NULL
20110103,Straw Berry,3/1/2011,NULL
20110103,Tender Coconut,3/1/2011,NULL
20110103,Tender Coconut(M),3/1/2011,NULL
20110103,Tamrind Chatisghar,3/1/2011,NULL
20110103,Tamarind seedless,3/1/2011,NULL
20110103,Thinda,3/1/2011,NULL
20110103,Dates Arebian,3/1/2011,NULL
20110103,Pista,3/1/2011,NULL
20110103,Tender Coconut(S),3/1/2011,NULL
20110103,Tender Coco packed,3/1/2011,NULL
20110103,Fruit Juice Tailand,3/1/2011,NULL
20110103,G.oil Net rich 500 ml,3/1/2011,NULL
20110103,Ground nut oil 1 lt,3/1/2011,NULL
20110103,G.nut oil Premium1 lt,3/1/2011,NULL
20110103,G.nut oil Rice Bron 1 lt,3/1/2011,NULL
20110104,Chocolates Drink box,4/1/2011,NULL
20110104,Fanda,4/1/2011,NULL
20110104,Jam 100 gm,4/1/2011,NULL
20110104,Jam 200 gm,4/1/2011,NULL
20110104,Jam 1/2 kg,4/1/2011,NULL
20110104,Jam 1 kg,4/1/2011,NULL
20110104,Coconut oil 500 ml,4/1/2011,NULL
20110104,Stevia powder,4/1/2011,NULL
20110104,Pepper,4/1/2011,NULL
20110104,Sungold oil 5 lt packet,4/1/2011,NULL
20110104,Sun safal Tin 15 lt,4/1/2011,NULL
20110104,Tamarind Paste 450 gm,4/1/2011,NULL
20110104,Safal deep 500 ml,4/1/2011,NULL
20110104,Ground nut oil 5 lt,4/1/2011,NULL
20110104,Sungold oil 5 lt,4/1/2011,NULL
20110104,Rice Bran 5 lt,4/1/2011,NULL
20110104,Tamarind Paste 150 gm,4/1/2011,NULL
20110104,Washington red apple,4/1/2011,NULL
20110104,Indian red globe,4/1/2011,NULL
20110104,Apple Chilli,4/1/2011,NULL
20110104,Bread fruit,4/1/2011,NULL
20110104,Peas seeds,4/1/2011,NULL
20110104,Anjura/Fig,4/1/2011,NULL
20110104,Butter fruit,4/1/2011,NULL
20110104,Bore fruit,4/1/2011,NULL
20110104,S.mellon Local (Luck),4/1/2011,NULL
20110104,S.mellon namdhari (Red),4/1/2011,NULL
20110104,Mosambi polo,4/1/2011,NULL
20110104,Rumenia Mango,4/1/2011,NULL
20110104,Apple Chaina Delicious,4/1/2011,NULL
20110104,,4/1/2011,NULL
20110104,,4/1/2011,NULL
20110104,,4/1/2011,NULL
20110104,Chilles small cleaned (C.B.P),4/1/2011,NULL
20110104,Washington gala apple,4/1/2011,NULL
20110104,Times Rose berry,4/1/2011,NULL
20110104,Grapesh Tash ganesh,4/1/2011,NULL
20110104,Chikkadikai cleaned,4/1/2011,NULL
20110104,Orange juice,4/1/2011,NULL
20110104,Thiland Jelly,4/1/2011,NULL
20110104,Thiland Juice,4/1/2011,NULL
20110104,Pineapple juice,4/1/2011,NULL
20110104,Kashini greens,4/1/2011,NULL
20110104,Mosambi,4/1/2011,NULL
20110104,S.mellon namdhari,4/1/2011,NULL
20110104,Watermellon kiran,4/1/2011,NULL
20110104,Watermellon,4/1/2011,NULL
20110104,Tamarind sweet 500gm,4/1/2011,NULL
20110104,Rampal,4/1/2011,NULL
20110104,Rose apple,4/1/2011,NULL
20110104,Pomello/Chakotha,4/1/2011,NULL
20110104,Peaches,4/1/2011,NULL
20110104,Plum Australia,4/1/2011,NULL
20110104,Plum Ooty,4/1/2011,NULL
20110104,Pineapple,4/1/2011,NULL
20110104,Papaya sola,4/1/2011,NULL
20110104,Papaya Red lady,4/1/2011,NULL
20110104,Papaya Taiwan,4/1/2011,NULL
20110104,Papaya nati,4/1/2011,NULL
20110104,Pomegranate Ganesh,4/1/2011,NULL
20150810,Dry dates,10/8/2015,110
20150810,Dates,10/8/2015,0
20150810,Cashew nut,10/8/2015,0
20150810,Cherry kashmir,10/8/2015,372
20150810,Parvala,10/8/2015,60
20150810,Palak Greens,10/8/2015,28
20150810,Menthya Greens,10/8/2015,39
20150810,Apple Chaina Delicious,10/8/2015,NULL
20150810,Ginger,10/8/2015,98
20150810,Ground nut Hybrid,10/8/2015,0
20150810,Carrot Nati,10/8/2015,37
20150810,Carrot Delhi,10/8/2015,0
20150810,Carrot ooty,10/8/2015,50
20150810,Maize,10/8/2015,0
20150810,Y.Bananan T.N.,10/8/2015,164
20150810,Chain Berry,10/8/2015,0
20150810,Garlic cleaned,10/8/2015,160
20150810,Garlic,10/8/2015,124
20150810,Kashini greens,10/8/2015,0
20150810,Dates Arebian,10/8/2015,0
20150810,Pista,10/8/2015,NULL
20150810,Thinda,10/8/2015,60
20150810,Mango sakkaregutti,10/8/2015,60
20150810,Mango Alphans box,10/8/2015,0
20150810,Mango rathnagiri(red),10/8/2015,0
20150810,Sham gadde,10/8/2015,49
20150810,Grapes Krishna sharad,10/8/2015,0
20150810,Grapes Flame,10/8/2015,0
20150811,Spring Onion,11/8/2015,60
20150811,Spring Onion(Cleaned),11/8/2015,67
20150811,Sweet corn,11/8/2015,34
20150811,Orange,11/8/2015,109
20150811,Orange Nagpura,11/8/2015,0
20150811,Orange Ooty,11/8/2015,0
20150811,Orange Australia,11/8/2015,135
20150811,Tender Coconut(S),11/8/2015,20
20150811,Tender Coco packed,11/8/2015,0
20150811,Fruit Juice Tailand,11/8/2015,NULL
20150811,Chikadi kai,11/8/2015,43
20150811,knol-khol,11/8/2015,28
20150811,Arive greens,11/8/2015,28
20150811,Byladha Hannu,11/8/2015,30
20150811,Net rich 5 lt oil,11/8/2015,NULL
20150811,Mineral water 1 lt,11/8/2015,NULL
20150811,Chikkadikai Round,11/8/2015,40
20150811,Cowpea Long,11/8/2015,34
20150811,Cowpea Local,11/8/2015,0
20150811,Coconut (M),11/8/2015,22
20150811,Coconut (B),11/8/2015,25
20150811,Ginger New,11/8/2015,48
20150811,Drumstik,11/8/2015,30
20150811,Ginger ooty,11/8/2015,0
20150811,Double Beans seeds,11/8/2015,240
20150811,Double Beans,11/8/2015,80
20150811,Ground nut Local,11/8/2015,60
20150811,Corriander Leave,11/8/2015,32
20150811,Curry leave,11/8/2015,44
20150811,Dhantu greens,11/8/2015,28
20150811,Mint Leaves,11/8/2015,26
20150811,Berry Delhi,11/8/2015,0
20150811,Ber fruit/Bore fruit,11/8/2015,0
20150811,Cherry fruit,11/8/2015,0
20150811,Times Rose berry,11/8/2015,265
20150811,Washington gala apple,11/8/2015,225
20150811,Chilles small cleaned (C.B.P),11/8/2015,52
20150811,Peas Dharwad,11/8/2015,0
20110104,Jambo fruit(Nerale),4/1/2011,NULL
20110104,Dry fruit mixed,4/1/2011,NULL
20110104,Badami,4/1/2011,NULL
20110104,Dry apricot,4/1/2011,NULL
20110104,Dates seedless,4/1/2011,NULL
20110104,Dry dates,4/1/2011,NULL
20110104,Dates,4/1/2011,NULL
20110104,Cashew nut,4/1/2011,NULL
20110104,Cherry kashmir,4/1/2011,NULL
20110104,Cherry fruit,4/1/2011,NULL
20110104,Ber fruit/Bore fruit,4/1/2011,NULL
20110104,Berry Delhi,4/1/2011,NULL
20110104,Berry Soft,4/1/2011,NULL
20110104,Berry fruit Ooty,4/1/2011,NULL
20110104,Peas Delhi,4/1/2011,NULL
20110104,Peas local,4/1/2011,NULL
20110104,Onion samber,4/1/2011,NULL
20110104,Mango Raspuri,4/1/2011,NULL
20110104,Onion small(Economy),4/1/2011,NULL
20110104,Mango Alphans,4/1/2011,NULL
20110104,Mango Badami,4/1/2011,NULL
20110104,Mango,4/1/2011,NULL
20110104,Papaya red indian,4/1/2011,NULL
20110104,Indian Black globe Grapes,4/1/2011,NULL
20110104,Jack fruit,4/1/2011,NULL
20110104,Onion Big,4/1/2011,NULL
20110104,Onion medium,4/1/2011,NULL
20110104,Mushroom Oyster,4/1/2011,NULL
20110104,Brucoli,4/1/2011,NULL
20110104,Avare seed (FB seeds),4/1/2011,NULL
20110104,Avarebele (F. Beans spok),4/1/2011,NULL
20150810,Dry dates,10/8/2015,110
20150810,Dates,10/8/2015,0
20150810,Cashew nut,10/8/2015,0
20150810,Cherry kashmir,10/8/2015,372
20150810,Parvala,10/8/2015,60
20150810,Palak Greens,10/8/2015,28
20150810,Menthya Greens,10/8/2015,39
20150810,Apple Chaina Delicious,10/8/2015,NULL
20150810,Ginger,10/8/2015,98
20150810,Ground nut Hybrid,10/8/2015,0
20150810,Carrot Nati,10/8/2015,37
20150810,Carrot Delhi,10/8/2015,0
20150810,Carrot ooty,10/8/2015,50
20150810,Maize,10/8/2015,0
20150810,Y.Bananan T.N.,10/8/2015,164
20150810,Chain Berry,10/8/2015,0
20150810,Garlic cleaned,10/8/2015,160
20150810,Garlic,10/8/2015,124
20150810,Kashini greens,10/8/2015,0
20150810,Dates Arebian,10/8/2015,0
20150810,Pista,10/8/2015,NULL
20150810,Thinda,10/8/2015,60
20150810,Mango sakkaregutti,10/8/2015,60
20150810,Mango Alphans box,10/8/2015,0
20150810,Mango rathnagiri(red),10/8/2015,0
20150810,Sham gadde,10/8/2015,49
20150810,Grapes Krishna sharad,10/8/2015,0
20150810,Grapes Flame,10/8/2015,0
20150811,Spring Onion,11/8/2015,60
20150811,Spring Onion(Cleaned),11/8/2015,67
20150811,Sweet corn,11/8/2015,34
20150811,Orange,11/8/2015,109
20150811,Orange Nagpura,11/8/2015,0
20150811,Orange Ooty,11/8/2015,0
20150811,Orange Australia,11/8/2015,135
20150811,Tender Coconut(S),11/8/2015,20
20150811,Tender Coco packed,11/8/2015,0
20150811,Fruit Juice Tailand,11/8/2015,NULL
20150811,Chikadi kai,11/8/2015,43
20150811,knol-khol,11/8/2015,28
20150811,Arive greens,11/8/2015,28
20150811,Byladha Hannu,11/8/2015,30
20150811,Net rich 5 lt oil,11/8/2015,NULL
20150811,Mineral water 1 lt,11/8/2015,NULL
20150811,Chikkadikai Round,11/8/2015,40
20150811,Cowpea Long,11/8/2015,34
20150811,Cowpea Local,11/8/2015,0
20150811,Coconut (M),11/8/2015,22
20150811,Coconut (B),11/8/2015,25
20150811,Ginger New,11/8/2015,48
20150811,Drumstik,11/8/2015,30
20150811,Ginger ooty,11/8/2015,0
20150811,Double Beans seeds,11/8/2015,240
20150811,Double Beans,11/8/2015,80
20150811,Ground nut Local,11/8/2015,60
20150811,Corriander Leave,11/8/2015,32
20150811,Curry leave,11/8/2015,44
20150811,Dhantu greens,11/8/2015,28
20150811,Mint Leaves,11/8/2015,26
20150811,Berry Delhi,11/8/2015,0
20150811,Ber fruit/Bore fruit,11/8/2015,0
20150811,Cherry fruit,11/8/2015,0
20150811,Times Rose berry,11/8/2015,265
20150811,Washington gala apple,11/8/2015,225
20150811,Chilles small cleaned (C.B.P),11/8/2015,52
20150811,Peas Dharwad,11/8/2015,0
